{"cameraMode":{"drawMode":0,"name":"Shaded","section":"Shading Mode"},"sceneLighting":true,"audioPlay":false,"sceneViewState":{"showFog":true,"showMaterialUpdate":true,"showSkybox":true,"showFlares":true,"showImageEffects":true,"showParticleSystems":true},"in2DMode":false,"pivot":{"x":-1.5141106843948365,"y":1.563579797744751,"z":0.2722340226173401},"rotation":{"x":0.31348806619644167,"y":0.06452580541372299,"z":-0.021052716299891473,"w":0.9475142955780029},"size":0.4991779923439026,"orthographic":false}