{"cameraMode":{"drawMode":0,"name":"Shaded","section":"Shading Mode"},"sceneLighting":true,"audioPlay":false,"sceneViewState":{"showFog":true,"showMaterialUpdate":true,"showSkybox":true,"showFlares":true,"showImageEffects":true,"showParticleSystems":true},"in2DMode":false,"pivot":{"x":216.83645629882813,"y":49.46549987792969,"z":520.2943115234375},"rotation":{"x":-0.025505004450678827,"y":-0.005819038022309542,"z":-0.0001778589066816494,"w":-0.9999959468841553},"size":378.154052734375,"orthographic":false}