{"cameraMode":{"drawMode":0,"name":"Shaded","section":"Shading Mode"},"sceneLighting":true,"audioPlay":false,"sceneViewState":{"showFog":true,"showMaterialUpdate":true,"showSkybox":true,"showFlares":true,"showImageEffects":true,"showParticleSystems":true},"in2DMode":false,"pivot":{"x":133.52162170410157,"y":149.1645965576172,"z":526.3553466796875},"rotation":{"x":-0.025505004450678827,"y":-0.005819038022309542,"z":-0.0001778589066816494,"w":-0.9999959468841553},"size":399.4273986816406,"orthographic":false}