{"cameraMode":{"drawMode":0,"name":"Shaded","section":"Shading Mode"},"sceneLighting":true,"audioPlay":false,"sceneViewState":{"showFog":true,"showMaterialUpdate":false,"showSkybox":true,"showFlares":true,"showImageEffects":true,"showParticleSystems":true},"in2DMode":false,"pivot":{"x":-1.8405283689498902,"y":1.6193599700927735,"z":1.77398681640625},"rotation":{"x":-0.005914334673434496,"y":0.9879080653190613,"z":-0.15232932567596436,"w":-0.03681246191263199},"size":3.2539522647857668,"orthographic":false}