{"cameraMode":{"drawMode":0,"name":"Shaded","section":"Shading Mode"},"sceneLighting":true,"audioPlay":false,"sceneViewState":{"showFog":true,"showMaterialUpdate":false,"showSkybox":true,"showFlares":true,"showImageEffects":true,"showParticleSystems":true},"in2DMode":false,"pivot":{"x":1089.56396484375,"y":147.29397583007813,"z":0.0},"rotation":{"x":0.0014128974871709943,"y":-0.998671293258667,"z":0.05397035926580429,"w":0.014686006121337414},"size":564.7351684570313,"orthographic":false}