{"cameraMode":{"drawMode":0,"name":"Shaded","section":"Shading Mode"},"sceneLighting":true,"audioPlay":false,"sceneViewState":{"showFog":true,"showMaterialUpdate":false,"showSkybox":true,"showFlares":true,"showImageEffects":true,"showParticleSystems":true},"in2DMode":false,"pivot":{"x":-1.7149547338485718,"y":1.2187232971191407,"z":-0.6674891710281372},"rotation":{"x":-0.00015133520355448127,"y":-0.9995656609535217,"z":0.022504132241010667,"w":-0.026392249390482904},"size":3.791431188583374,"orthographic":false}