{"cameraMode":{"drawMode":0,"name":"Shaded","section":"Shading Mode"},"sceneLighting":false,"audioPlay":false,"sceneViewState":{"showFog":true,"showMaterialUpdate":false,"showSkybox":false,"showFlares":true,"showImageEffects":true,"showParticleSystems":true},"in2DMode":false,"pivot":{"x":-1.556252360343933,"y":1.5715882778167725,"z":0.6526610851287842},"rotation":{"x":0.005604980979114771,"y":-0.9946452379226685,"z":0.0792267844080925,"w":0.06783932447433472},"size":4.383846282958984,"orthographic":false}