{"cameraMode":{"drawMode":0,"name":"Shaded","section":"Shading Mode"},"sceneLighting":true,"audioPlay":false,"sceneViewState":{"showFog":true,"showMaterialUpdate":true,"showSkybox":true,"showFlares":true,"showImageEffects":true,"showParticleSystems":true},"in2DMode":false,"pivot":{"x":287.1330871582031,"y":585.997802734375,"z":195.74456787109376},"rotation":{"x":-0.004520526621490717,"y":-0.06409123539924622,"z":0.000114472619316075,"w":0.9982656240463257},"size":490.2783203125,"orthographic":false}