{"cameraMode":{"drawMode":0,"name":"Shaded","section":"Shading Mode"},"sceneLighting":true,"audioPlay":false,"sceneViewState":{"showFog":true,"showMaterialUpdate":true,"showSkybox":true,"showFlares":true,"showImageEffects":true,"showParticleSystems":true},"in2DMode":false,"pivot":{"x":-1.3027300834655762,"y":1.1382688283920289,"z":-1.7335176467895508},"rotation":{"x":-0.004128558095544577,"y":0.9936820268630981,"z":-0.04029005393385887,"w":-0.10785535722970963},"size":3.520507335662842,"orthographic":false}