{"cameraMode":{"drawMode":0,"name":"Shaded","section":"Shading Mode"},"sceneLighting":true,"audioPlay":false,"sceneViewState":{"showFog":true,"showMaterialUpdate":false,"showSkybox":true,"showFlares":true,"showImageEffects":true,"showParticleSystems":true},"in2DMode":false,"pivot":{"x":339.945556640625,"y":240.71934509277345,"z":119.1959228515625},"rotation":{"x":0.030002688989043237,"y":-0.001236521638929844,"z":0.0003965033683925867,"w":-0.9997215867042542},"size":398.73870849609377,"orthographic":false}