{"cameraMode":{"drawMode":0,"name":"Shaded","section":"Shading Mode"},"sceneLighting":true,"audioPlay":false,"sceneViewState":{"showFog":true,"showMaterialUpdate":false,"showSkybox":true,"showFlares":true,"showImageEffects":true,"showParticleSystems":true},"in2DMode":false,"pivot":{"x":-1.4427483081817628,"y":0.6289582252502441,"z":-0.7244652509689331},"rotation":{"x":-0.004424031358212233,"y":-0.9948174953460693,"z":0.07932139933109284,"w":-0.06815589219331742},"size":5.60084867477417,"orthographic":false}